{
  "timestamp": "2025-05-28T18:22:19.682324",
  "num_games": 100,
  "win_rate": 100,
  "avg_attempts": 4.63,
  "total_regret": 363.0,
  "avg_regret_per_game": 3.63,
  "attempt_distribution": {
    "6": 19,
    "8": 4,
    "3": 19,
    "2": 3,
    "5": 28,
    "4": 25,
    "7": 2
  },
  "cumulative_regret": {
    "1": 1.0,
    "2": 1.97,
    "3": 2.75,
    "4": 3.2800000000000002,
    "5": 3.5300000000000002,
    "6": 3.59,
    "7": 3.63,
    "8": 3.63
  }
}